linea,estacion,afluencia,cluster
LINEA 1,BALBUENA,11606.782808510638,0
LINEA 1,BALDERAS,18588.49021276596,2
LINEA 1,BOULEVARD PUERTO AAAREO,22931.56425531915,2
LINEA 1,CANDELARIA,20151.288,2
LINEA 1,CHAPULTEPEC,43010.57582978723,2
LINEA 1,CUAUHTAAMOC,17022.4965106383,0
LINEA 1,GAA3MEZ FARAAAS,32496.320881812615,2
LINEA 1,GAA3MEZ FARIAS,14659.554303278688,0
LINEA 1,INSURGENTES,42840.01923404256,2
LINEA 1,ISABEL LA CATAA3LICA,18019.697531914895,2
LINEA 1,JUANACATLAAN,9358.20595744681,0
LINEA 1,MERCED,40157.45429787234,2
LINEA 1,MOCTEZUMA,21164.828425531916,2
LINEA 1,OBSERVATORIO,53648.33685106383,1
LINEA 1,PANTITLAAN,36445.971063829784,2
LINEA 1,PINO SUAAREZ,27154.078978723403,2
LINEA 1,SALTO DEL AGUA,17599.850212765956,2
LINEA 1,SAN LAAZARO,24218.434553191488,2
LINEA 1,SEVILLA,24191.702468085106,2
LINEA 1,TACUBAYA,27470.94229787234,2
LINEA 1,ZARAGOZA,40277.409021276595,2
LINEA 12,ATLALILCO,11943.866893617022,0
LINEA 12,CALLE 11,6833.554382978723,0
LINEA 12,CULHUACAAN,7332.505191489362,0
LINEA 12,EJE CENTRAL,6116.36085106383,0
LINEA 12,ERMITA,5891.558638297873,0
LINEA 12,HOSPITAL 20 DE NOVIEMBRE,6961.0,0
LINEA 12,INSURGENTES SUR,19032.449872340425,2
LINEA 12,LOMAS ESTRELLA,5208.393191489362,0
LINEA 12,MEXICALTZINGO,10095.593531914894,0
LINEA 12,MIXCOAC,8819.170723404255,0
LINEA 12,NOPALERA,9619.40170212766,0
LINEA 12,OLIVOS,7791.831659574468,0
LINEA 12,PARQUE DE LOS VENADOS,6322.07114893617,0
LINEA 12,PERIFAARICO ORIENTE,15884.634723404255,0
LINEA 12,SAN ANDRAAS TOMATLAAN,5284.832851063829,0
LINEA 12,TEZONCO,10155.860595744682,0
LINEA 12,TLAAHUAC,23782.42655319149,2
LINEA 12,TLALTENCO,1610.844085106383,0
LINEA 12,ZAPATA,8086.155234042553,0
LINEA 12,ZAPOTITLAAN,6119.337872340426,0
LINEA 2,ALLENDE,27935.15285106383,2
LINEA 2,BELLAS ARTES,25124.468425531915,2
LINEA 2,CHABACANO,24923.94655319149,2
LINEA 2,COLEGIO MILITAR,14033.532255319149,0
LINEA 2,CUATRO CAMINOS,96898.30570212766,1
LINEA 2,CUITLAAHUAC,17452.850893617022,2
LINEA 2,ERMITA,16409.740425531916,0
LINEA 2,GENERAL ANAYA,24330.991829787235,2
LINEA 2,HIDALGO,28920.239319148935,2
LINEA 2,NATIVITAS,18775.949106382977,2
LINEA 2,NORMAL,32035.199829787234,2
LINEA 2,PANTEONES,12006.624340425531,0
LINEA 2,PINO SUAAREZ,24427.823319148934,2
LINEA 2,POPOTLA,9063.221276595745,0
LINEA 2,PORTALES,19528.06740425532,2
LINEA 2,REVOLUCIAA3N,25890.830978723403,2
LINEA 2,SAN ANTONIO ABAD,20137.6954893617,2
LINEA 2,SAN COSME,22050.076595744682,2
LINEA 2,TACUBA,32479.873872340424,2
LINEA 2,TASQUEAAA,71793.93736170213,1
LINEA 2,VIADUCTO,18734.68629787234,2
LINEA 2,VILLA DE CORTAAS,16630.99897938355,0
LINEA 2,VILLA DE CORTAS,14357.155737704918,0
LINEA 2,XOLA,19443.49855319149,2
LINEA 2,ZAA3CALO/TENOCHTITLAN,55321.900255319146,1
LINEA 3,BALDERAS,9877.97259574468,0
LINEA 3,CENTRO MAADICO,18514.12510638298,2
LINEA 3,COPILCO,34089.38740425532,2
LINEA 3,COYOACAAN,22875.928340425533,2
LINEA 3,DEPORTIVO 18 DE MARZO,33230.24221276596,2
LINEA 3,DIVISIAA3N DEL NORTE,16675.617531914893,0
LINEA 3,ETIOPAAA/PLAZA DE LA TRANSPARENCIA,25826.31829787234,2
LINEA 3,EUGENIA,15771.782978723404,0
LINEA 3,GUERRERO,10709.284085106383,0
LINEA 3,HIDALGO,16056.450382978723,0
LINEA 3,HOSPITAL GENERAL,19642.726127659575,2
LINEA 3,INDIOS VERDES,101520.22451063829,1
LINEA 3,JUAAREZ,16272.506042553192,0
LINEA 3,LA RAZA,29711.37174468085,2
LINEA 3,MIGUEL AANGEL DE QUEVEDO,28082.129032258064,2
LINEA 3,MIGUEL ANGEL DE QUEVEDO,29282.535420944558,2
LINEA 3,NIAAOS HAAROES,17636.534468085105,2
LINEA 3,POTRERO,16983.781276595746,0
LINEA 3,TLATELOLCO,18942.706382978722,2
LINEA 3,UNIVERSIDAD,60630.35965957447,1
LINEA 3,VIVEROS/DERECHOS HUMANOS,20381.69310638298,2
LINEA 3,ZAPATA,25986.6245106383,2
LINEA 4,BONDOJITO,5801.913191489361,0
LINEA 4,CANAL DEL NORTE,7830.5228936170215,0
LINEA 4,CANDELARIA,7561.414638297872,0
LINEA 4,CONSULADO,3895.400680851064,0
LINEA 4,FRAY SERVANDO,7679.669617021276,0
LINEA 4,JAMAICA,6804.002382978723,0
LINEA 4,MARTAAN CARRERA,19726.252085106382,2
LINEA 4,MORELOS,7133.6953191489365,0
LINEA 4,SANTA ANITA,2518.318978723404,0
LINEA 4,TALISMAAN,4864.629787234043,0
LINEA 5,ARAGAA3N,6762.3205106382975,0
LINEA 5,AUTOBUSES DEL NORTE,20851.467914893616,2
LINEA 5,CONSULADO,4677.263829787234,0
LINEA 5,EDUARDO MOLINA,6476.667234042553,0
LINEA 5,HANGARES,4609.913191489361,0
LINEA 5,INSTITUTO DEL PETRAA3LEO,5336.529702127659,0
LINEA 5,LA RAZA,9595.375829787234,0
LINEA 5,MISTERIOS,7531.267234042553,0
LINEA 5,OCEANAAA,8086.615659574468,0
LINEA 5,PANTITLAAN,71304.63574468085,1
LINEA 5,POLITAACNICO,29651.94110638298,2
LINEA 5,TERMINAL AAAREA,15351.536170212767,0
LINEA 5,VALLE GAA3MEZ,4049.4779574468084,0
LINEA 6,DEPORTIVO 18 DE MARZO,1935.504,0
LINEA 6,EL ROSARIO,16939.41889361702,0
LINEA 6,FERRERAAA/ARENA CIUDAD DE MAAXICO,19425.943829787233,2
LINEA 6,INSTITUTO DEL PETRAA3LEO,3197.1205106382977,0
LINEA 6,LA VILLA/BASAALICA,12796.862978723404,0
LINEA 6,LINDAVISTA,14751.927319148936,0
LINEA 6,MARTAAN CARRERA,26288.354382978723,2
LINEA 6,NORTE 45,6253.721702127659,0
LINEA 6,TEZOZAA3MOC,5194.109957446809,0
LINEA 6,UAMAZCAPOTZALCO,7244.073361702128,0
LINEA 6,VALLEJO,6753.179744680851,0
LINEA 7,AQUILES SERDAAN,13739.949617021277,0
LINEA 7,AUDITORIO,27985.24459574468,2
LINEA 7,BARRANCA DEL MUERTO,34217.8,2
LINEA 7,CAMARONES,13306.164425531915,0
LINEA 7,CONSTITUYENTES,8208.190468085106,0
LINEA 7,EL ROSARIO,29879.650042553192,2
LINEA 7,MIXCOAC,20686.33395744681,2
LINEA 7,POLANCO,28711.131914893616,2
LINEA 7,REFINERAAA,9577.725957446808,0
LINEA 7,SAN ANTONIO,12605.329191489362,0
LINEA 7,SAN JOAQUAAN,20975.542638297873,2
LINEA 7,SAN PEDRO DE LOS PINOS,11109.363574468085,0
LINEA 7,TACUBA,7468.582638297872,0
LINEA 7,TACUBAYA,5932.963914893617,0
LINEA 8,ACULCO,8970.607489361702,0
LINEA 8,APATLACO,12414.354382978723,0
LINEA 8,ATLALILCO,14837.557617021277,0
LINEA 8,BELLAS ARTES,19359.627574468086,2
LINEA 8,CERRO DE LA ESTRELLA,11127.236255319149,0
LINEA 8,CHABACANO,3776.852765957447,0
LINEA 8,CONSTITUCIAA3N DE 1917,83901.0529361702,1
LINEA 8,COYUYA,21101.185531914893,2
LINEA 8,DOCTORES,11112.229106382978,0
LINEA 8,ESCUADRAA3N 201,21164.412765957448,2
LINEA 8,GARIBALDI/LAGUNILLA,19494.18314893617,2
LINEA 8,IZTACALCO,18625.746893617023,2
LINEA 8,IZTAPALAPA,9748.96,0
LINEA 8,LA VIGA,6574.584,0
LINEA 8,OBRERA,12575.576,0
LINEA 8,SALTO DEL AGUA,15870.258042553192,0
LINEA 8,SAN JUAN DE LETRAAN,25672.289021276596,2
LINEA 8,SANTA ANITA,5852.004765957447,0
LINEA 8,UAMI,23656.97974468085,2
LINEA 9,CENTRO MAADICO,12549.453787234042,0
LINEA 9,CHABACANO,9636.809702127659,0
LINEA 9,CHILPANCINGO,38014.982978723405,2
LINEA 9,CIUDAD DEPORTIVA,7037.108765957447,0
LINEA 9,JAMAICA,10829.997446808511,0
LINEA 9,LAAZARO CAARDENAS,11570.315063829787,0
LINEA 9,MIXIUHCA,18866.75285106383,2
LINEA 9,PANTITLAAN,63774.70025531915,1
LINEA 9,PATRIOTISMO,16368.471319148935,0
LINEA 9,PUEBLA,29283.144340425533,2
LINEA 9,TACUBAYA,48390.999319148934,1
LINEA 9,VELAA3DROMO,10096.053617021276,0
LINEA A,ACATITLA,13826.02280851064,0
LINEA A,AGRAACOLA ORIENTAL,9968.180595744681,0
LINEA A,CANAL DE SAN JUAN,11892.080170212766,0
LINEA A,GUELATAO,17873.146212765958,2
LINEA A,LA PAZ,34079.20612765958,2
LINEA A,LOS REYES,17845.11540425532,2
LINEA A,PANTITLAAN,66863.60391489361,1
LINEA A,PEAAAA3N VIEJO,12077.690553191489,0
LINEA A,SANTA MARTA,27115.45225531915,2
LINEA A,TEPALCATES,17848.331234042555,2
LINEA B,BOSQUE DE ARAGAA3N,5729.009021276595,0
LINEA B,BUENAVISTA,50884.63880851064,1
LINEA B,CIUDAD AZTECA,51434.05344680851,1
LINEA B,DEPORTIVO OCEANAAA,14770.360882956878,0
LINEA B,ECATEPEC,24880.756595744682,2
LINEA B,GARIBALDI/LAGUNILLA,7074.407319148936,0
LINEA B,GUERRERO,5380.269617021277,0
LINEA B,IMPULSORA,23344.50280851064,2
LINEA B,LAGUNILLA,22299.249531914895,2
LINEA B,MAAOZQUIZ,29422.651914893617,2
LINEA B,MORELOS,4715.357446808511,0
LINEA B,NEZAHUALCAA3YOTL,21152.590978723405,2
LINEA B,OCEANAAA,9467.875380968506,0
LINEA B,OLAAMPICA,17000.71259440702,0
LINEA B,OLAMPICA,14344.977459016394,0
LINEA B,PLAZA ARAGAA3N,18750.761872340427,2
LINEA B,RAAO DE LOS REMEDIOS,18834.91625531915,2
LINEA B,RICARDO FLORES MAGAA3N,5799.082893617021,0
LINEA B,ROMERO RUBIO,9687.62229787234,0
LINEA B,SAN LAAZARO,14503.399829787235,0
LINEA B,TEPITO,21033.64970212766,2
LINEA B,VILLA DE ARAGAA3N,13003.16970212766,0
